-- Delete existing data from tables

-- Delete data from Products table
DELETE FROM Products;

-- Delete data from Stores table
DELETE FROM Stores;

-- Delete data from Groups table
DELETE FROM Groups;

-- Delete data from ProductStore table
DELETE FROM ProductStore;

-- Insert Groups
INSERT INTO Groups (GroupId, GroupName, ParentGroupId)
VALUES
    ('11111111-1111-1111-1111-111111111111', 'Phones', NULL),
    ('22222222-2222-2222-2222-222222222222', 'Laptops', NULL),
    ('33333333-3333-3333-3333-333333333333', 'Samsung phones', '11111111-1111-1111-1111-111111111111'),
    ('44444444-4444-4444-4444-444444444444', 'IPhones', '11111111-1111-1111-1111-111111111111'),
    ('55555555-5555-5555-5555-555555555555', 'Asus laptops', '22222222-2222-2222-2222-222222222222'),
    ('66666666-6666-6666-6666-666666666666', 'MSI laptops', '22222222-2222-2222-2222-222222222222');

-- Insert Stores
INSERT INTO Stores (StoreId, StoreName)
VALUES
    ('11111111-1111-1111-1111-111111111111', 'Euronics'),
    ('22222222-2222-2222-2222-222222222222', '1a'),
    ('33333333-3333-3333-3333-333333333333', 'Klick');

-- Insert Products
INSERT INTO Products (ProductId, ProductName, TimeAdded, Price, PriceWithVAT, VatRate, GroupId)
VALUES
    ('11111111-1111-1111-1111-111111111111', 'Samsung S23', datetime('now'), 1000.0, 1200.0, 20, '33333333-3333-3333-3333-333333333333'),
    ('22222222-2222-2222-2222-222222222222', 'IPhone 15', datetime('now'), 1200.0, 1440.0, 20, '44444444-4444-4444-4444-444444444444'),
    ('33333333-3333-3333-3333-333333333333', 'Asus Zenbook', datetime('now'), 800.0, 960, 20, '55555555-5555-5555-5555-555555555555'),
    ('44444444-4444-4444-4444-444444444444', 'MSI Stealth 15m', datetime('now'), 1600.0, 1920.0, 20, '66666666-6666-6666-6666-666666666666'),
    ('55555555-5555-5555-5555-555555555555', 'IPhone 14', datetime('now'), 900.0, 1080.0, 20, '44444444-4444-4444-4444-444444444444'),
    ('66666666-6666-6666-6666-666666666666', 'MSI modern 15', datetime('now'), 700.0, 840.0, 20, '22222222-2222-2222-2222-222222222222');

-- Insert ProductStore
INSERT INTO ProductStore (ProductsProductId, StoresStoreId)
VALUES 
    ('11111111-1111-1111-1111-111111111111', '11111111-1111-1111-1111-111111111111'),
    ('22222222-2222-2222-2222-222222222222','11111111-1111-1111-1111-111111111111'),
    ('33333333-3333-3333-3333-333333333333','22222222-2222-2222-2222-222222222222'),
    ('44444444-4444-4444-4444-444444444444','22222222-2222-2222-2222-222222222222'),
    ('55555555-5555-5555-5555-555555555555','33333333-3333-3333-3333-333333333333'),
    ('66666666-6666-6666-6666-666666666666','33333333-3333-3333-3333-333333333333');